half_life_days,l2_penalty,dispersion_k,log_loss,n
180,100.0,64.4,2.610747992207712,11270
365,200.0,64.4,2.6111177528066225,11270
365,100.0,64.4,2.611146578810878,11270
180,200.0,64.4,2.6112907658291773,11270
180,60.0,64.4,2.611313446344231,11270
730,200.0,64.4,2.611486719191147,11270
365,400.0,64.4,2.6119859883104017,11270
730,400.0,64.4,2.612009079223717,11270
730,100.0,64.4,2.612085868985776,11270
365,60.0,64.4,2.612141776018728,11270
180,400.0,64.4,2.612338001881761,11270
730,60.0,62.2,2.6134149350447204,11270
180,30.0,62.2,2.6138735967686797,11270
365,30.0,62.2,2.614716423794375,11270
730,30.0,60.0,2.6160796601613634,11270
